<?xml version="1.0" encoding="UTF-8"?>
<project-private xmlns="http://www.netbeans.org/ns/project-private/1">
    <editor-bookmarks xmlns="http://www.netbeans.org/ns/editor-bookmarks/2" lastBookmarkId="0"/>
    <open-files xmlns="http://www.netbeans.org/ns/projectui-open-files/2">
        <group>
            <file>file:/C:/wamp/www/CarWashWebsite/Contact.php</file>
            <file>file:/C:/wamp/www/CarWashWebsite/Template.php</file>
            <file>file:/C:/wamp/www/CarWashWebsite/About%20Us.php</file>
            <file>file:/C:/wamp/www/CarWashWebsite/Styles/StyleSheet.css</file>
            <file>file:/C:/wamp/www/CarWashWebsite/index.php</file>
        </group>
    </open-files>
</project-private>
